id,label,scope,what_it_tests,state_it_reads,returns_target,needs_multiple_foes,reads_the_action,pairs_well_with,design_note
none,Always,Any,Always true,nothing,default foe or self,FALSE,FALSE,any,Default. An unconditional slot.
foe_any,Foe: any,Foe,A living foe exists,foe list,default foe,FALSE,FALSE,strike/ember,Baseline foe condition.
foe_lowest_hp,Foe: lowest HP,Foe,Picks the most wounded foe,foe HP,lowest-HP foe,FALSE,FALSE,execute/strike,Focus fire. Measured +16.2% at two foes.
foe_highest_hp,Foe: highest HP,Foe,Picks the healthiest foe,foe HP,highest-HP foe,FALSE,FALSE,gale/cleave/daunt,Spread damage or open with a debuff.
foe_hp_gte_70,Foe: HP >= 70%,Foe,Any foe above 70% HP,foe HP fraction,that foe,FALSE,FALSE,gale/cleave/sear/hex,Opening-of-fight gate.
foe_hp_lte_30,Foe: HP <= 30%,Foe,Any foe at or below 30% HP,foe HP fraction,that foe,FALSE,FALSE,execute,THE Execute gate. Execute crits only inside this window.
foe_armoured,Foe: armoured (DEF > RES),Foe,Self-relative DEF vs RES comparison,foe's own DEF vs its own RES,that foe,FALSE,FALSE,pierce,Reworded from a caster-relative 1.4x margin to a plain self-relative comparison.
foe_warded,Foe: resistant (RES > DEF),Foe,Self-relative RES vs DEF comparison,foe's own RES vs its own DEF,that foe,FALSE,FALSE,physical attacks,Mirror of foe_armoured for the magic side.
foe_weak_fire,Foe: weak to Fire,Foe,Negative raw affinity check,foe's own affinity.fire,that foe,FALSE,FALSE,fire actions,Negative raw affinity is the existing sign convention for taking more damage from that element.
foe_weak_water,Foe: weak to Water,Foe,Negative raw affinity check,foe's own affinity.water,that foe,FALSE,FALSE,water actions,Mirror of foe_weak_fire for Water.
foe_weak_earth,Foe: weak to Earth,Foe,Negative raw affinity check,foe's own affinity.earth,that foe,FALSE,FALSE,earth actions,Mirror of foe_weak_fire for Earth.
foe_weak_air,Foe: weak to Air,Foe,Negative raw affinity check,foe's own affinity.air,that foe,FALSE,FALSE,air actions,Mirror of foe_weak_fire for Air.
foe_weak_light,Foe: weak to Light,Foe,Negative raw affinity check,foe's own affinity.light,that foe,FALSE,FALSE,light actions,Mirror of foe_weak_fire for Light.
foe_weak_dark,Foe: weak to Dark,Foe,Negative raw affinity check,foe's own affinity.dark,that foe,FALSE,FALSE,dark actions,Mirror of foe_weak_fire for Dark.
foe_fast,Foe: faster than you,Foe,Foe SPD above own SPD,foe SPD vs own SPD,that foe,FALSE,FALSE,cripple/daunt,Tempo answer. Cripple is the best non-heal rule.
foe_2plus,Foe: 2+ present,Foe,At least two foes alive,foe count,default foe,TRUE,FALSE,cleave/gale,AoE gate.
foe_3plus,Foe: 3+ present,Foe,At least three foes alive,foe count,default foe,TRUE,FALSE,cleave/gale/ashfall,Stronger AoE gate.
foe_charging,Foe: charge >= 70%,Foe,A foe's charge gauge is nearly full,foe charge + chargeAction,that foe,FALSE,FALSE,cripple/daunt,Telegraphed special. Lets the player pre-empt an enemy charge action.
foe_softest_def,Foe: softest DEF of the group,Foe,Lowest effective DEF among foes,all foe DEF,softest foe,TRUE,FALSE,physical attacks,Automation half of the DEF/RES readout.
foe_softest_res,Foe: softest RES of the group,Foe,Lowest effective RES among foes,all foe RES,softest foe,TRUE,FALSE,magic attacks,Automation half of the DEF/RES readout.
foe_most_dangerous,Foe: hardest hitter,Foe,Highest effective ATK among foes,all foe ATK,that foe,FALSE,FALSE,cripple/daunt,Threat assessment rather than target selection.
foe_acts_next,Foe: acts next,Foe,Lowest nextActAt among foes,CTB queue,that foe,FALSE,FALSE,cripple/daunt,Reads the turn queue directly. Pre-empts the next actor.
foe_healer_present,Foes: a healer among them,Foe,Any foe has a healing action in its slots,foe loadouts,the healer,FALSE,FALSE,focus damage,Answers the Fen Priest. Kill the healer or the fight stalls.
foe_pack_hurt,Foes: ALL below 50% HP,Foe,Every foe under 50%,all foe HP,lowest-HP foe,TRUE,FALSE,cleave/gale,Group-state finisher gate.
foe_pack_healthy,Foes: NONE below 70% HP,Foe,Every foe at or above 70%,all foe HP,highest-HP foe,TRUE,FALSE,debuffs/AoE,Group-state opener gate.
foe_mostly_weakened,Foes: most already weakened,Foe,More than half the foes carry a debuff,foe statuses,an undebuffed foe,TRUE,FALSE,debuff spreaders,Targets the gap rather than the pack.
foe_isolated,Foe: last one standing,Foe,Exactly one foe alive,foe count,that foe,FALSE,FALSE,single-target burst,Inverse of the AoE gates.
foe_lacks_debuff,Foe: lacks this debuff,Foe,A foe missing THIS action's status,foe statuses + action.applies,that foe,FALSE,TRUE,all debuff actions,Reads the action. Prevents wasting turns refreshing a live debuff.
foe_not_weakened,Foe: not weakened,Foe,A foe with no debuff at all,foe statuses,that foe,FALSE,FALSE,any debuff,Coarser than foe_lacks_debuff.
ally_hp_lte_60,Ally: HP <= 60%,Ally,Any ally at or below 60%,ally HP,lowest-HP qualifying ally,FALSE,FALSE,mend,The main healing gate.
ally_hp_lte_30,Ally: HP <= 30%,Ally,Any ally at or below 30%,ally HP,lowest-HP qualifying ally,FALSE,FALSE,mend/hearthlight,Emergency healing gate.
ally_lowest_hp,Ally: lowest HP,Ally,Most wounded ally regardless of threshold,ally HP,that ally,FALSE,FALSE,mend/renew,Unconditional healing target.
ally_is_dead,Ally: is down,Ally,Any ally at 0 HP,ally HP,the dead ally,FALSE,FALSE,recall/lastlight,The only gate revives can use.
ally_lacks_buff,Ally: lacks this buff,Ally,An ally missing THIS action's buff,ally statuses + action.applies,that ally,FALSE,TRUE,bulwark/blur/quicken/renew,Reads the action. Stops buff reapplication waste.
self_hp_lte_50,Self: HP <= 50%,Self,Own HP at or below 50%,own HP,self,FALSE,FALSE,mend/bulwark/brace,Self-preservation gate.
self_first_turn,Self: first turn,Self,turnsTaken is zero,own turn count,self,FALSE,FALSE,onslaught,The Onslaught gate. x2.20 on turn one then x0.65.
foe_hp_gte_10,Foe: HP >= 10%,Foe,Any foe at or above 10% HP,foe HP fraction,that foe,FALSE,FALSE,gale/cleave/sear/hex,v2.9: auto-generated to fill the HP-threshold ladder to 10% granularity across foe/ally/self (the original handful was measured too sparse) - see the generation comment above CONDITIONS in src/farroad-core.js.
foe_hp_lte_10,Foe: HP <= 10%,Foe,Any foe at or below 10% HP,foe HP fraction,that foe,FALSE,FALSE,execute,v2.9: auto-generated to fill the HP-threshold ladder to 10% granularity across foe/ally/self (the original handful was measured too sparse) - see the generation comment above CONDITIONS in src/farroad-core.js.
ally_hp_gte_10,Ally: HP >= 10%,Ally,Any ally at or above 10% HP,ally HP,lowest-HP qualifying ally,FALSE,FALSE,bulwark/blur/quicken/renew,v2.9: auto-generated to fill the HP-threshold ladder to 10% granularity across foe/ally/self (the original handful was measured too sparse) - see the generation comment above CONDITIONS in src/farroad-core.js.
ally_hp_lte_10,Ally: HP <= 10%,Ally,Any ally at or below 10% HP,ally HP,lowest-HP qualifying ally,FALSE,FALSE,mend/hearthlight,v2.9: auto-generated to fill the HP-threshold ladder to 10% granularity across foe/ally/self (the original handful was measured too sparse) - see the generation comment above CONDITIONS in src/farroad-core.js.
self_hp_gte_10,Self: HP >= 10%,Self,Own HP at or above 10% HP,own HP,self,FALSE,FALSE,vengeance/onslaught,v2.9: auto-generated to fill the HP-threshold ladder to 10% granularity across foe/ally/self (the original handful was measured too sparse) - see the generation comment above CONDITIONS in src/farroad-core.js.
self_hp_lte_10,Self: HP <= 10%,Self,Own HP at or below 10% HP,own HP,self,FALSE,FALSE,mend/bulwark/brace,v2.9: auto-generated to fill the HP-threshold ladder to 10% granularity across foe/ally/self (the original handful was measured too sparse) - see the generation comment above CONDITIONS in src/farroad-core.js.
foe_hp_gte_20,Foe: HP >= 20%,Foe,Any foe at or above 20% HP,foe HP fraction,that foe,FALSE,FALSE,gale/cleave/sear/hex,v2.9: auto-generated to fill the HP-threshold ladder to 10% granularity across foe/ally/self (the original handful was measured too sparse) - see the generation comment above CONDITIONS in src/farroad-core.js.
foe_hp_lte_20,Foe: HP <= 20%,Foe,Any foe at or below 20% HP,foe HP fraction,that foe,FALSE,FALSE,execute,v2.9: auto-generated to fill the HP-threshold ladder to 10% granularity across foe/ally/self (the original handful was measured too sparse) - see the generation comment above CONDITIONS in src/farroad-core.js.
ally_hp_gte_20,Ally: HP >= 20%,Ally,Any ally at or above 20% HP,ally HP,lowest-HP qualifying ally,FALSE,FALSE,bulwark/blur/quicken/renew,v2.9: auto-generated to fill the HP-threshold ladder to 10% granularity across foe/ally/self (the original handful was measured too sparse) - see the generation comment above CONDITIONS in src/farroad-core.js.
ally_hp_lte_20,Ally: HP <= 20%,Ally,Any ally at or below 20% HP,ally HP,lowest-HP qualifying ally,FALSE,FALSE,mend/hearthlight,v2.9: auto-generated to fill the HP-threshold ladder to 10% granularity across foe/ally/self (the original handful was measured too sparse) - see the generation comment above CONDITIONS in src/farroad-core.js.
self_hp_gte_20,Self: HP >= 20%,Self,Own HP at or above 20% HP,own HP,self,FALSE,FALSE,vengeance/onslaught,v2.9: auto-generated to fill the HP-threshold ladder to 10% granularity across foe/ally/self (the original handful was measured too sparse) - see the generation comment above CONDITIONS in src/farroad-core.js.
self_hp_lte_20,Self: HP <= 20%,Self,Own HP at or below 20% HP,own HP,self,FALSE,FALSE,mend/bulwark/brace,v2.9: auto-generated to fill the HP-threshold ladder to 10% granularity across foe/ally/self (the original handful was measured too sparse) - see the generation comment above CONDITIONS in src/farroad-core.js.
foe_hp_gte_30,Foe: HP >= 30%,Foe,Any foe at or above 30% HP,foe HP fraction,that foe,FALSE,FALSE,gale/cleave/sear/hex,v2.9: auto-generated to fill the HP-threshold ladder to 10% granularity across foe/ally/self (the original handful was measured too sparse) - see the generation comment above CONDITIONS in src/farroad-core.js.
ally_hp_gte_30,Ally: HP >= 30%,Ally,Any ally at or above 30% HP,ally HP,lowest-HP qualifying ally,FALSE,FALSE,bulwark/blur/quicken/renew,v2.9: auto-generated to fill the HP-threshold ladder to 10% granularity across foe/ally/self (the original handful was measured too sparse) - see the generation comment above CONDITIONS in src/farroad-core.js.
self_hp_gte_30,Self: HP >= 30%,Self,Own HP at or above 30% HP,own HP,self,FALSE,FALSE,vengeance/onslaught,v2.9: auto-generated to fill the HP-threshold ladder to 10% granularity across foe/ally/self (the original handful was measured too sparse) - see the generation comment above CONDITIONS in src/farroad-core.js.
self_hp_lte_30,Self: HP <= 30%,Self,Own HP at or below 30% HP,own HP,self,FALSE,FALSE,mend/bulwark/brace,v2.9: auto-generated to fill the HP-threshold ladder to 10% granularity across foe/ally/self (the original handful was measured too sparse) - see the generation comment above CONDITIONS in src/farroad-core.js.
foe_hp_gte_40,Foe: HP >= 40%,Foe,Any foe at or above 40% HP,foe HP fraction,that foe,FALSE,FALSE,gale/cleave/sear/hex,v2.9: auto-generated to fill the HP-threshold ladder to 10% granularity across foe/ally/self (the original handful was measured too sparse) - see the generation comment above CONDITIONS in src/farroad-core.js.
foe_hp_lte_40,Foe: HP <= 40%,Foe,Any foe at or below 40% HP,foe HP fraction,that foe,FALSE,FALSE,execute,v2.9: auto-generated to fill the HP-threshold ladder to 10% granularity across foe/ally/self (the original handful was measured too sparse) - see the generation comment above CONDITIONS in src/farroad-core.js.
ally_hp_gte_40,Ally: HP >= 40%,Ally,Any ally at or above 40% HP,ally HP,lowest-HP qualifying ally,FALSE,FALSE,bulwark/blur/quicken/renew,v2.9: auto-generated to fill the HP-threshold ladder to 10% granularity across foe/ally/self (the original handful was measured too sparse) - see the generation comment above CONDITIONS in src/farroad-core.js.
ally_hp_lte_40,Ally: HP <= 40%,Ally,Any ally at or below 40% HP,ally HP,lowest-HP qualifying ally,FALSE,FALSE,mend/hearthlight,v2.9: auto-generated to fill the HP-threshold ladder to 10% granularity across foe/ally/self (the original handful was measured too sparse) - see the generation comment above CONDITIONS in src/farroad-core.js.
self_hp_gte_40,Self: HP >= 40%,Self,Own HP at or above 40% HP,own HP,self,FALSE,FALSE,vengeance/onslaught,v2.9: auto-generated to fill the HP-threshold ladder to 10% granularity across foe/ally/self (the original handful was measured too sparse) - see the generation comment above CONDITIONS in src/farroad-core.js.
self_hp_lte_40,Self: HP <= 40%,Self,Own HP at or below 40% HP,own HP,self,FALSE,FALSE,mend/bulwark/brace,v2.9: auto-generated to fill the HP-threshold ladder to 10% granularity across foe/ally/self (the original handful was measured too sparse) - see the generation comment above CONDITIONS in src/farroad-core.js.
foe_hp_gte_50,Foe: HP >= 50%,Foe,Any foe at or above 50% HP,foe HP fraction,that foe,FALSE,FALSE,gale/cleave/sear/hex,v2.9: auto-generated to fill the HP-threshold ladder to 10% granularity across foe/ally/self (the original handful was measured too sparse) - see the generation comment above CONDITIONS in src/farroad-core.js.
foe_hp_lte_50,Foe: HP <= 50%,Foe,Any foe at or below 50% HP,foe HP fraction,that foe,FALSE,FALSE,execute,v2.9: auto-generated to fill the HP-threshold ladder to 10% granularity across foe/ally/self (the original handful was measured too sparse) - see the generation comment above CONDITIONS in src/farroad-core.js.
ally_hp_gte_50,Ally: HP >= 50%,Ally,Any ally at or above 50% HP,ally HP,lowest-HP qualifying ally,FALSE,FALSE,bulwark/blur/quicken/renew,v2.9: auto-generated to fill the HP-threshold ladder to 10% granularity across foe/ally/self (the original handful was measured too sparse) - see the generation comment above CONDITIONS in src/farroad-core.js.
ally_hp_lte_50,Ally: HP <= 50%,Ally,Any ally at or below 50% HP,ally HP,lowest-HP qualifying ally,FALSE,FALSE,mend/hearthlight,v2.9: auto-generated to fill the HP-threshold ladder to 10% granularity across foe/ally/self (the original handful was measured too sparse) - see the generation comment above CONDITIONS in src/farroad-core.js.
self_hp_gte_50,Self: HP >= 50%,Self,Own HP at or above 50% HP,own HP,self,FALSE,FALSE,vengeance/onslaught,v2.9: auto-generated to fill the HP-threshold ladder to 10% granularity across foe/ally/self (the original handful was measured too sparse) - see the generation comment above CONDITIONS in src/farroad-core.js.
foe_hp_gte_60,Foe: HP >= 60%,Foe,Any foe at or above 60% HP,foe HP fraction,that foe,FALSE,FALSE,gale/cleave/sear/hex,v2.9: auto-generated to fill the HP-threshold ladder to 10% granularity across foe/ally/self (the original handful was measured too sparse) - see the generation comment above CONDITIONS in src/farroad-core.js.
foe_hp_lte_60,Foe: HP <= 60%,Foe,Any foe at or below 60% HP,foe HP fraction,that foe,FALSE,FALSE,execute,v2.9: auto-generated to fill the HP-threshold ladder to 10% granularity across foe/ally/self (the original handful was measured too sparse) - see the generation comment above CONDITIONS in src/farroad-core.js.
ally_hp_gte_60,Ally: HP >= 60%,Ally,Any ally at or above 60% HP,ally HP,lowest-HP qualifying ally,FALSE,FALSE,bulwark/blur/quicken/renew,v2.9: auto-generated to fill the HP-threshold ladder to 10% granularity across foe/ally/self (the original handful was measured too sparse) - see the generation comment above CONDITIONS in src/farroad-core.js.
self_hp_gte_60,Self: HP >= 60%,Self,Own HP at or above 60% HP,own HP,self,FALSE,FALSE,vengeance/onslaught,v2.9: auto-generated to fill the HP-threshold ladder to 10% granularity across foe/ally/self (the original handful was measured too sparse) - see the generation comment above CONDITIONS in src/farroad-core.js.
self_hp_lte_60,Self: HP <= 60%,Self,Own HP at or below 60% HP,own HP,self,FALSE,FALSE,mend/bulwark/brace,v2.9: auto-generated to fill the HP-threshold ladder to 10% granularity across foe/ally/self (the original handful was measured too sparse) - see the generation comment above CONDITIONS in src/farroad-core.js.
foe_hp_lte_70,Foe: HP <= 70%,Foe,Any foe at or below 70% HP,foe HP fraction,that foe,FALSE,FALSE,execute,v2.9: auto-generated to fill the HP-threshold ladder to 10% granularity across foe/ally/self (the original handful was measured too sparse) - see the generation comment above CONDITIONS in src/farroad-core.js.
ally_hp_gte_70,Ally: HP >= 70%,Ally,Any ally at or above 70% HP,ally HP,lowest-HP qualifying ally,FALSE,FALSE,bulwark/blur/quicken/renew,v2.9: auto-generated to fill the HP-threshold ladder to 10% granularity across foe/ally/self (the original handful was measured too sparse) - see the generation comment above CONDITIONS in src/farroad-core.js.
ally_hp_lte_70,Ally: HP <= 70%,Ally,Any ally at or below 70% HP,ally HP,lowest-HP qualifying ally,FALSE,FALSE,mend/hearthlight,v2.9: auto-generated to fill the HP-threshold ladder to 10% granularity across foe/ally/self (the original handful was measured too sparse) - see the generation comment above CONDITIONS in src/farroad-core.js.
self_hp_gte_70,Self: HP >= 70%,Self,Own HP at or above 70% HP,own HP,self,FALSE,FALSE,vengeance/onslaught,v2.9: auto-generated to fill the HP-threshold ladder to 10% granularity across foe/ally/self (the original handful was measured too sparse) - see the generation comment above CONDITIONS in src/farroad-core.js.
self_hp_lte_70,Self: HP <= 70%,Self,Own HP at or below 70% HP,own HP,self,FALSE,FALSE,mend/bulwark/brace,v2.9: auto-generated to fill the HP-threshold ladder to 10% granularity across foe/ally/self (the original handful was measured too sparse) - see the generation comment above CONDITIONS in src/farroad-core.js.
foe_hp_gte_80,Foe: HP >= 80%,Foe,Any foe at or above 80% HP,foe HP fraction,that foe,FALSE,FALSE,gale/cleave/sear/hex,v2.9: auto-generated to fill the HP-threshold ladder to 10% granularity across foe/ally/self (the original handful was measured too sparse) - see the generation comment above CONDITIONS in src/farroad-core.js.
foe_hp_lte_80,Foe: HP <= 80%,Foe,Any foe at or below 80% HP,foe HP fraction,that foe,FALSE,FALSE,execute,v2.9: auto-generated to fill the HP-threshold ladder to 10% granularity across foe/ally/self (the original handful was measured too sparse) - see the generation comment above CONDITIONS in src/farroad-core.js.
ally_hp_gte_80,Ally: HP >= 80%,Ally,Any ally at or above 80% HP,ally HP,lowest-HP qualifying ally,FALSE,FALSE,bulwark/blur/quicken/renew,v2.9: auto-generated to fill the HP-threshold ladder to 10% granularity across foe/ally/self (the original handful was measured too sparse) - see the generation comment above CONDITIONS in src/farroad-core.js.
ally_hp_lte_80,Ally: HP <= 80%,Ally,Any ally at or below 80% HP,ally HP,lowest-HP qualifying ally,FALSE,FALSE,mend/hearthlight,v2.9: auto-generated to fill the HP-threshold ladder to 10% granularity across foe/ally/self (the original handful was measured too sparse) - see the generation comment above CONDITIONS in src/farroad-core.js.
self_hp_gte_80,Self: HP >= 80%,Self,Own HP at or above 80% HP,own HP,self,FALSE,FALSE,vengeance/onslaught,v2.9: auto-generated to fill the HP-threshold ladder to 10% granularity across foe/ally/self (the original handful was measured too sparse) - see the generation comment above CONDITIONS in src/farroad-core.js.
self_hp_lte_80,Self: HP <= 80%,Self,Own HP at or below 80% HP,own HP,self,FALSE,FALSE,mend/bulwark/brace,v2.9: auto-generated to fill the HP-threshold ladder to 10% granularity across foe/ally/self (the original handful was measured too sparse) - see the generation comment above CONDITIONS in src/farroad-core.js.
foe_hp_gte_90,Foe: HP >= 90%,Foe,Any foe at or above 90% HP,foe HP fraction,that foe,FALSE,FALSE,gale/cleave/sear/hex,v2.9: auto-generated to fill the HP-threshold ladder to 10% granularity across foe/ally/self (the original handful was measured too sparse) - see the generation comment above CONDITIONS in src/farroad-core.js.
foe_hp_lte_90,Foe: HP <= 90%,Foe,Any foe at or below 90% HP,foe HP fraction,that foe,FALSE,FALSE,execute,v2.9: auto-generated to fill the HP-threshold ladder to 10% granularity across foe/ally/self (the original handful was measured too sparse) - see the generation comment above CONDITIONS in src/farroad-core.js.
ally_hp_gte_90,Ally: HP >= 90%,Ally,Any ally at or above 90% HP,ally HP,lowest-HP qualifying ally,FALSE,FALSE,bulwark/blur/quicken/renew,v2.9: auto-generated to fill the HP-threshold ladder to 10% granularity across foe/ally/self (the original handful was measured too sparse) - see the generation comment above CONDITIONS in src/farroad-core.js.
ally_hp_lte_90,Ally: HP <= 90%,Ally,Any ally at or below 90% HP,ally HP,lowest-HP qualifying ally,FALSE,FALSE,mend/hearthlight,v2.9: auto-generated to fill the HP-threshold ladder to 10% granularity across foe/ally/self (the original handful was measured too sparse) - see the generation comment above CONDITIONS in src/farroad-core.js.
self_hp_gte_90,Self: HP >= 90%,Self,Own HP at or above 90% HP,own HP,self,FALSE,FALSE,vengeance/onslaught,v2.9: auto-generated to fill the HP-threshold ladder to 10% granularity across foe/ally/self (the original handful was measured too sparse) - see the generation comment above CONDITIONS in src/farroad-core.js.
self_hp_lte_90,Self: HP <= 90%,Self,Own HP at or below 90% HP,own HP,self,FALSE,FALSE,mend/bulwark/brace,v2.9: auto-generated to fill the HP-threshold ladder to 10% granularity across foe/ally/self (the original handful was measured too sparse) - see the generation comment above CONDITIONS in src/farroad-core.js.
foe_strong_fire,Foe: strong to Fire,Foe,Positive raw affinity check,foe's own affinity.fire,that foe,FALSE,FALSE,actions of another element,Opposite of foe_weak_fire: the foe resists Fire. Use it to steer away from an element the foe resists.
foe_strong_water,Foe: strong to Water,Foe,Positive raw affinity check,foe's own affinity.water,that foe,FALSE,FALSE,actions of another element,Opposite of foe_weak_water: the foe resists Water. Use it to steer away from an element the foe resists.
foe_strong_earth,Foe: strong to Earth,Foe,Positive raw affinity check,foe's own affinity.earth,that foe,FALSE,FALSE,actions of another element,Opposite of foe_weak_earth: the foe resists Earth. Use it to steer away from an element the foe resists.
foe_strong_air,Foe: strong to Air,Foe,Positive raw affinity check,foe's own affinity.air,that foe,FALSE,FALSE,actions of another element,Opposite of foe_weak_air: the foe resists Air. Use it to steer away from an element the foe resists.
foe_strong_light,Foe: strong to Light,Foe,Positive raw affinity check,foe's own affinity.light,that foe,FALSE,FALSE,actions of another element,Opposite of foe_weak_light: the foe resists Light. Use it to steer away from an element the foe resists.
foe_strong_dark,Foe: strong to Dark,Foe,Positive raw affinity check,foe's own affinity.dark,that foe,FALSE,FALSE,actions of another element,Opposite of foe_weak_dark: the foe resists Dark. Use it to steer away from an element the foe resists.
foe_strong_body,Foe: strong to Body,Foe,Positive raw affinity check,foe's own affinity.body,that foe,FALSE,FALSE,magic / piercing attacks,Opposite of foe_weak_body: the foe resists Body. Body is physical resistance: a Body-weak foe takes extra damage from physical (ATK) actions.
foe_strong_spirit,Foe: strong to Spirit,Foe,Positive raw affinity check,foe's own affinity.spirit,that foe,FALSE,FALSE,debuffs,Opposite of foe_weak_spirit: the foe resists Spirit. Spirit is debuff resistance: a Spirit-weak foe has debuffs land harder; a Spirit-strong foe shrugs them off.
foe_weak_body,Foe: weak to Body,Foe,Negative raw affinity check,foe's own affinity.body,that foe,FALSE,FALSE,physical actions,Mirror of foe_weak_fire for Body. Body is physical resistance: a Body-weak foe takes extra damage from physical (ATK) actions.
foe_weak_spirit,Foe: weak to Spirit,Foe,Negative raw affinity check,foe's own affinity.spirit,that foe,FALSE,FALSE,debuffs,Mirror of foe_weak_fire for Spirit. Spirit is debuff resistance: a Spirit-weak foe has debuffs land harder; a Spirit-strong foe shrugs them off.
ally_has_debuff,Ally: has a debuff,Ally,An ally carries at least one debuff,ally statuses,lowest-HP debuffed ally,FALSE,FALSE,"cleanse actions (Hearthlight, Cleansing Lore)",Aims cleanses at whoever actually needs one.
self_has_debuff,Self: has a debuff,Self,The acting unit carries a debuff,own statuses,self,FALSE,FALSE,cleanse / self-heal,
foe_has_buff,Foe: has a buff,Foe,A foe carries at least one buff,foe statuses,that foe,FALSE,FALSE,"debuffs, focus fire","Buffs: hasted, warded, taunted, surging, bracing, regen, blurred."
foe_taunting,Foe: taunting,Foe,A foe is taunting,foe statuses (taunted),that foe,FALSE,FALSE,"AoE, or hitting through the taunt",
foe_poisoned,Foe: poisoned,Foe,A foe has poisoned,foe statuses,that foe,FALSE,FALSE,finishers on afflicted foes,
foe_burning,Foe: burning,Foe,A foe has burning,foe statuses,that foe,FALSE,FALSE,finishers on afflicted foes,
foe_blinded,Foe: blinded,Foe,A foe has blinded,foe statuses,that foe,FALSE,FALSE,finishers on afflicted foes,
foe_slowed,Foe: slowed,Foe,A foe has slowed,foe statuses,that foe,FALSE,FALSE,finishers on afflicted foes,
foe_confused,Foe: confused,Foe,A foe has confused,foe statuses,that foe,FALSE,FALSE,finishers on afflicted foes,
ally_poisoned,Ally: poisoned,Ally,An ally has poisoned,ally statuses,lowest-HP afflicted ally,FALSE,FALSE,cleanse / heal,Damage-over-time on a friend.
ally_burning,Ally: burning,Ally,An ally has burning,ally statuses,lowest-HP afflicted ally,FALSE,FALSE,cleanse / heal,Damage-over-time on a friend.
ally_pack_hurt,Allies: ALL below 50%,Ally,Every living ally is under 50% HP,ally HP,lowest-HP ally,FALSE,FALSE,party heals,Mirror of foe_pack_hurt for your own side.
ally_2plus_hurt,Allies: 2+ below 60%,Ally,At least two allies are under 60% HP,ally HP,lowest-HP ally,FALSE,FALSE,party heals,Fires before the whole party is in trouble.
ally_pack_healthy,Allies: NONE below 70%,Ally,Every living ally is at 70% HP or more,ally HP,highest-HP ally,FALSE,FALSE,"buffs, charge gifts",Safe to spend a turn on setup.
ally_2plus_alive,Allies: 2+ alive,Ally,At least two party members are alive (including you),ally list,default ally,FALSE,FALSE,party buffs,
self_last_standing,Self: last one standing,Self,You are the only living party member,ally list,self,FALSE,FALSE,"self-heal, revive",
ally_softest_def,Ally: softest DEF,Ally,The ally with the lowest DEF,ally DEF,that ally,FALSE,FALSE,wards / DEF buffs,Includes you.
ally_softest_res,Ally: softest RES,Ally,The ally with the lowest RES,ally RES,that ally,FALSE,FALSE,wards / RES buffs,Includes you.
self_charge_gte_25,Self: charge >= 25%,Self,Your charge is at least 25% of your charge cost,own charge,self,FALSE,FALSE,Tithe (share charge),A unit with no charge action counts against 100.
self_charge_gte_50,Self: charge >= 50%,Self,Your charge is at least 50% of your charge cost,own charge,self,FALSE,FALSE,Tithe (share charge),A unit with no charge action counts against 100.
self_charge_gte_75,Self: charge >= 75%,Self,Your charge is at least 75% of your charge cost,own charge,self,FALSE,FALSE,Tithe (share charge),A unit with no charge action counts against 100.
ally_charge_gte_25,Ally (not self): charge >= 25%,Ally,Another ally with a charge action is at least 25% charged,ally charge,most-charged such ally,FALSE,FALSE,Kindle (finish their charge),Never you; needs a charge action.
ally_charge_gte_50,Ally (not self): charge >= 50%,Ally,Another ally with a charge action is at least 50% charged,ally charge,most-charged such ally,FALSE,FALSE,Kindle (finish their charge),Never you; needs a charge action.
ally_charge_gte_75,Ally (not self): charge >= 75%,Ally,Another ally with a charge action is at least 75% charged,ally charge,most-charged such ally,FALSE,FALSE,Kindle (finish their charge),Never you; needs a charge action.
ally_charge_lte_25,Ally (not self): charge <= 25%,Ally,Another ally with a charge action is at most 25% charged,ally charge,least-charged such ally,FALSE,FALSE,Kindle / Tithe (jump-start someone),Never you; needs a charge action.
ally_charge_lte_50,Ally (not self): charge <= 50%,Ally,Another ally with a charge action is at most 50% charged,ally charge,least-charged such ally,FALSE,FALSE,Kindle / Tithe (jump-start someone),Never you; needs a charge action.
