id,name,slot,rarity,atk,mag,def,res,spd,evade,affinity_fire,affinity_water,affinity_earth,affinity_air,affinity_light,affinity_dark,affinity_body,affinity_spirit,design_note
travelersboots,Traveler's Boots,legs,common,,,,,3,0.03,,,,,,,,,"Balanced boots: speed and evasion. Common baseline."
windstepgreaves,Windstep Greaves,legs,rare,,,,,4,0.038,,,,,,,,,"Balanced boots. Rare: ~25% over Traveler's Boots."
skyboundsabatons,Skybound Sabatons,legs,legendary,,,,,5,0.047,,,,,,,,,"Balanced boots. Legendary: ~55% over the Common baseline."
ironcap,Iron Cap,head,common,,,4,4,,,3,,,,,,,,"Head/body grant def+res+one affinity axis. Common: flat baseline, Fire-leaning."
wardedhelm,Warded Helm,head,rare,,,5,5,,,,4,,,,,,,"Rare: def/res/affinity scaled up ~25% over Iron Cap's baseline, Water-leaning."
crownofthebulwark,Crown of the Bulwark,head,legendary,,,6,6,,,,,5,,,,,,"Legendary: def/res/affinity scaled up ~55% over the Common baseline, Earth-leaning."
paddedvest,Padded Vest,body,common,,,4,4,,,,,,3,,,,,"Common: flat baseline, Air-leaning."
chainweavemail,Chainweave Mail,body,rare,,,5,5,,,,,,,4,,,,"Rare: def/res/affinity scaled up ~25% over Padded Vest's baseline, Light-leaning."
aegisofthedeep,Aegis of the Deep,body,legendary,,,6,6,,,,,,,,5,,,"Legendary: def/res/affinity scaled up ~55% over the Common baseline, Dark-leaning."
worngauntlet,Worn Gauntlet,hand,common,5,5,,,,,,,,,,,3,,"Hand grants atk+mag+one affinity axis - fits either hand slot; own 2 copies to dual-wield the same piece. Common: flat baseline, Body-leaning."
runedbracer,Runed Bracer,hand,rare,6,6,,,,,,,,,,,,4,"Rare: atk/mag/affinity scaled up ~25% over Worn Gauntlet's baseline, Spirit-leaning."
emberfist,Emberfist,hand,legendary,8,8,,,,,5,,,,,,,,"Legendary: atk/mag/affinity scaled up ~55% over the Common baseline, Fire-leaning (wraps the 8-axis cycle back to Fire)."
racersstriders,Racer's Striders,legs,common,,,,,4,0.01,,,,,,,,,"Swift line: speed over evasion. Common."
windrunnerstriders,Windrunner Striders,legs,rare,,,,,5,0.013,,,,,,,,,"Swift line. Rare."
tempeststriders,Tempest Striders,legs,legendary,,,,,7,0.016,,,,,,,,,"Swift line. Legendary."
nimbleslippers,Nimble Slippers,legs,common,,,,,1,0.06,,,,,,,,,"Evasive line: evasion over speed. Common."
phantomslippers,Phantom Slippers,legs,rare,,,,,2,0.075,,,,,,,,,"Evasive line. Rare."
wornsandals,Worn Sandals,legs,common,3,,,,2,0.01,,,,,,,,,"Striker line (physical): a little ATK with some speed. Common."
sentinelscap,Sentinel's Cap,head,common,,,6,2,,,,,,3,,,,,"Bulwark archetype, DEF-leaning over RES - same def+res budget as Balanced (Iron Cap), opposite split. Common: flat baseline, Air-leaning."
blessedcoif,Blessed Coif,head,common,,,2,6,,,,,,,3,,,,"Warded archetype, RES-leaning over DEF. Common: flat baseline, Light-leaning."
shadowedhood,Shadowed Hood,head,common,,,5,3,,,,,,,,3,,,"A 4th Common alternative splitting the difference between Balanced and Bulwark. Dark-leaning."
vanguardhelm,Vanguard Helm,head,rare,,,8,3,,,,,,,,,4,,"Bulwark archetype. Rare: def/res/affinity scaled up ~25% over Sentinel's Cap's baseline, Body-leaning."
serenecirclet,Serene Circlet,head,rare,,,3,8,,,,,,,,,,4,"Warded archetype. Rare: def/res/affinity scaled up ~25% over Blessed Coif's baseline, Spirit-leaning."
stormguardcrown,Stormguard Crown,head,legendary,,,9,3,,,,,,5,,,,,"Bulwark archetype. Legendary: def/res/affinity scaled up ~55% over the Common baseline, Air-leaning."
ironcladvest,Ironclad Vest,body,common,,,6,2,,,3,,,,,,,,"Bulwark archetype, DEF-leaning over RES. Common: flat baseline, Fire-leaning."
tidewovenrobe,Tidewoven Robe,body,common,,,2,6,,,,3,,,,,,,"Warded archetype, RES-leaning over DEF. Common: flat baseline, Water-leaning."
rootplatejerkin,Rootplate Jerkin,body,common,,,5,3,,,,,3,,,,,,"A 4th Common alternative splitting the difference between Balanced and Bulwark. Earth-leaning."
bastionplate,Bastion Plate,body,rare,,,8,3,,,,,,,,,4,,"Bulwark archetype. Rare: def/res/affinity scaled up ~25% over Ironclad Vest's baseline, Body-leaning."
hallowedvestments,Hallowed Vestments,body,rare,,,3,8,,,,,,,,,,4,"Warded archetype. Rare: def/res/affinity scaled up ~25% over Tidewoven Robe's baseline, Spirit-leaning."
emberforgedplate,Emberforged Plate,body,legendary,,,9,3,,,5,,,,,,,,"Bulwark archetype. Legendary: def/res/affinity scaled up ~55% over the Common baseline, Fire-leaning."
riptideknuckles,Riptide Knuckles,hand,common,8,2,,,,,,3,,,,,,,"Brawler archetype, ATK-leaning over MAG - same atk+mag budget as Balanced (Worn Gauntlet), opposite split. Common: flat baseline, Water-leaning."
stonewovengloves,Stonewoven Gloves,hand,common,2,8,,,,,,,3,,,,,,"Arcane archetype, MAG-leaning over ATK. Common: flat baseline, Earth-leaning."
zephyrgrips,Zephyr Grips,hand,common,6,4,,,,,,,,3,,,,,"A 4th Common alternative splitting the difference between Balanced and Brawler. Air-leaning."
radiantknuckles,Radiant Knuckles,hand,rare,10,3,,,,,,,,,4,,,,"Brawler archetype. Rare: atk/mag/affinity scaled up ~25% over Riptide Knuckles' baseline, Light-leaning."
voidwovengloves,Voidwoven Gloves,hand,rare,3,10,,,,,,,,,,4,,,"Arcane archetype. Rare: atk/mag/affinity scaled up ~25% over Stonewoven Gloves' baseline, Dark-leaning."
maelstromfists,Maelstrom Fists,hand,legendary,12,3,,,,,,5,,,,,,,"Brawler archetype. Legendary: atk/mag/affinity scaled up ~55% over the Common baseline, Water-leaning."
emberwardencrown,Ember Warden's Crown,head,legendary,,,8,8,,,6,,,,,,,,"Super Boss reward (v2.20) - The Ember Warden, wave 250 tier. Unique: never appears in any random drop/pull pool, excluded by id at both equipment pool sites. Scaled ~25% past a normal Legendary head (def/res/affinity) since it is a one-time, hard-won reward rather than a repeatable roll."
sovereigntideblade,Sovereign's Tide-Blade,hand,legendary,10,10,,,,,,6,,,,,,,"Super Boss reward. The Tidal Sovereign, wave 500 tier. Unique, excluded from random pools. Scaled ~25% past a normal Legendary hand item."
tyrantwindstride,Tyrant's Windstride Boots,legs,legendary,,,,,9,0.05,,,,,,,,,"Super Boss reward. The Gale Tyrant, wave 1000 tier. Unique, excluded from random pools. Faster than any Legendary boots."
mirageg,Mirage Greaves,legs,legendary,,,,,2,0.095,,,,,,,,,"Evasive line. Legendary."
platedgreaves,Plated Greaves,legs,common,,,4,2,1,0,,,,,,,,,"Guardian line: DEF and RES on the legs. Common."
bastiongreaves,Bastion Greaves,legs,rare,,,5,3,2,0,,,,,,,,,"Guardian line. Rare."
titantreads,Titan Treads,legs,legendary,,,7,4,2,0,,,,,,,,,"Guardian line. Legendary."
spellstepsandals,Spellstep Sandals,legs,common,,3,,,2,0.01,,,,,,,,,"Striker line (magic): a little MAG with some speed. Common."
duelistspurs,Duelist's Spurs,legs,rare,4,2,,,3,0.012,,,,,,,,,"Striker line. Rare: ATK and a little MAG with speed."
arcanisttreads,Arcanist's Treads,legs,rare,2,4,,,3,0.012,,,,,,,,,"Striker line. Rare: MAG and a little ATK with speed."
